N°,Model,Ensemble,Institution and Location,
1,ACCESS-CM2,r1i1p1f1,"CSIRO (Commonwealth Scientific and Industrial Research Organisation, Aspendale, Victoria 3195, Australia), ARCCSS (Australian Research Council Centre of Excellence for Climate System Science)",
2,ACCESS-ESM1-5,r1i1p1f1,"Commonwealth Scientific and Industrial Research Organisation, Aspendale, Victoria 3195, Australia",
3,ACCESS-ESM1-5,r2i1p1f1,"Commonwealth Scientific and Industrial Research Organisation, Aspendale, Victoria 3195, Australia",
4,AWI-CM-1-1-MR,r1i1p1f1,"Alfred Wegener Institute, Helmholtz Centre for Polar and Marine Research, Am Handelshafen 12, 27570 Bremerhaven, Germany",
5,BCC-CSM2-MR,r1i1p1f1,"Beijing Climate Center, Beijing 100081, China",
6,CAMS-CSM1-0,r1i1p1f1,"Chinese Academy of Meteorological Sciences, Beijing 100081, China",
7,CAMS-CSM1-0,r2i1p1f1,"Chinese Academy of Meteorological Sciences, Beijing 100081, China",
8,CanESM5-CanOE,r1i1p2f1,"Canadian Centre for Climate Modelling and Analysis, Environment and Climate Change Canada, Victoria, BC V8P 5C2, Canada",
9,CanESM5,r1i1p1f1,"Canadian Centre for Climate Modelling and Analysis, Environment and Climate Change Canada, Victoria, BC V8P 5C2, Canada",
10,CanESM5,r2i1p1f1,"Canadian Centre for Climate Modelling and Analysis, Environment and Climate Change Canada, Victoria, BC V8P 5C2, Canada",
11,CanESM5,r3i1p1f1,"Canadian Centre for Climate Modelling and Analysis, Environment and Climate Change Canada, Victoria, BC V8P 5C2, Canada",
12,CanESM5,r4i1p1f1,"Canadian Centre for Climate Modelling and Analysis, Environment and Climate Change Canada, Victoria, BC V8P 5C2, Canada",
13,CanESM5,r5i1p1f1,"Canadian Centre for Climate Modelling and Analysis, Environment and Climate Change Canada, Victoria, BC V8P 5C2, Canada",
14,CESM2-WACCM,r3i1p1f1,"National Center for Atmospheric Research, Climate and Global Dynamics Laboratory, 1850 Table Mesa Drive, Boulder, CO 80305, USA",
15,CESM2,r1i1p1f1,"National Center for Atmospheric Research, Climate and Global Dynamics Laboratory, 1850 Table Mesa Drive, Boulder, CO 80305, USA",
16,CESM2,r2i1p1f1,"National Center for Atmospheric Research, Climate and Global Dynamics Laboratory, 1850 Table Mesa Drive, Boulder, CO 80305, USA",
17,CMCC-CM2-SR5,r1i1p1f1,"Fondazione Centro Euro-Mediterraneo sui Cambiamenti Climatici, Lecce 73100, Italy",
18,CMCC-ESM2,r1i1p1f1,"Fondazione Centro Euro-Mediterraneo sui Cambiamenti Climatici, Lecce 73100, Italy",
19,EC-Earth3-Veg-LR,r1i1p1f1,"AEMET, Spain; BSC, Spain; CNR-ISAC, Italy; DMI, Denmark; ENEA, Italy; FMI, Finland; Geomar, Germany; ICHEC, Ireland; ICTP, Italy; IDL, Portugal; IMAU, The Netherlands; IPMA, Portugal; KIT, Karlsruhe, Germany; KNMI, The Netherlands; Lund University, Sweden; Met Eireann, Ireland; NLeSC, The Netherlands; NTNU, Norway; Oxford University, UK; surfSARA, The Netherlands; SMHI, Sweden; Stockholm University, Sweden; Unite ASTR, Belgium; University College Dublin, Ireland; University of Bergen, Norway; University of Copenhagen, Denmark; University of Helsinki, Finland; University of Santiago de Compostela, Spain; Uppsala University, Sweden; Utrecht University, The Netherlands; Vrije Universiteit Amsterdam, the Netherlands; Wageningen University, The Netherlands.",
20,EC-Earth3-Veg,r2i1p1f1,"AEMET, Spain; BSC, Spain; CNR-ISAC, Italy; DMI, Denmark; ENEA, Italy; FMI, Finland; Geomar, Germany; ICHEC, Ireland; ICTP, Italy; IDL, Portugal; IMAU, The Netherlands; IPMA, Portugal; KIT, Karlsruhe, Germany; KNMI, The Netherlands; Lund University, Sweden; Met Eireann, Ireland; NLeSC, The Netherlands; NTNU, Norway; Oxford University, UK; surfSARA, The Netherlands; SMHI, Sweden; Stockholm University, Sweden; Unite ASTR, Belgium; University College Dublin, Ireland; University of Bergen, Norway; University of Copenhagen, Denmark; University of Helsinki, Finland; University of Santiago de Compostela, Spain; Uppsala University, Sweden; Utrecht University, The Netherlands; Vrije Universiteit Amsterdam, the Netherlands; Wageningen University, The Netherlands.",
21,EC-Earth3,r1i1p1f1,"AEMET, Spain; BSC, Spain; CNR-ISAC, Italy; DMI, Denmark; ENEA, Italy; FMI, Finland; Geomar, Germany; ICHEC, Ireland; ICTP, Italy; IDL, Portugal; IMAU, The Netherlands; IPMA, Portugal; KIT, Karlsruhe, Germany; KNMI, The Netherlands; Lund University, Sweden; Met Eireann, Ireland; NLeSC, The Netherlands; NTNU, Norway; Oxford University, UK; surfSARA, The Netherlands; SMHI, Sweden; Stockholm University, Sweden; Unite ASTR, Belgium; University College Dublin, Ireland; University of Bergen, Norway; University of Copenhagen, Denmark; University of Helsinki, Finland; University of Santiago de Compostela, Spain; Uppsala University, Sweden; Utrecht University, The Netherlands; Vrije Universiteit Amsterdam, the Netherlands; Wageningen University, The Netherlands.",
22,FGOALS-f3-L,r1i1p1f1,"Chinese Academy of Sciences, Beijing 100029, China",
23,FIO-ESM-2-0,r1i1p1f1,"FIO (First Institute of Oceanography, State Oceanic Administration, Qingdao 266061, China), QNLM (Qingdao National Laboratory for Marine Science and Technology, Qingdao 266237, China)",
24,FIO-ESM-2-0,r2i1p1f1,"FIO (First Institute of Oceanography, State Oceanic Administration, Qingdao 266061, China), QNLM (Qingdao National Laboratory for Marine Science and Technology, Qingdao 266237, China)",
25,FIO-ESM-2-0,r3i1p1f1,"FIO (First Institute of Oceanography, State Oceanic Administration, Qingdao 266061, China), QNLM (Qingdao National Laboratory for Marine Science and Technology, Qingdao 266237, China)",
26,GFDL-ESM4,r1i1p1f1,"National Oceanic and Atmospheric Administration, Geophysical Fluid Dynamics Laboratory, Princeton, NJ 08540, USA",
27,GISS-E2-1-G,r1i1p1f2,"Goddard Institute for Space Studies, New York, NY 10025, USA",
28,HadGEM3-GC31-LL,r1i1p1f3,"Met Office Hadley Centre, Fitzroy Road, Exeter, Devon, EX1 3PB, UK",
29,IITM-ESM,r1i1p1f1,"Centre for Climate Change Research, Indian Institute of Tropical Meteorology Pune, Maharashtra 411 008, India",
30,INM-CM4-8,r1i1p1f1,"Institute for Numerical Mathematics, Russian Academy of Science, Moscow 119991, Russia",
31,INM-CM5-0,r1i1p1f1,"Institute for Numerical Mathematics, Russian Academy of Science, Moscow 119991, Russia",
32,KACE-1-0-G,r1i1p1f1,"National Institute of Meteorological Sciences/Korea Meteorological Administration, Climate Research Division, Seoho-bukro 33, Seogwipo-si, Jejudo 63568, Republic of Korea",
33,MCM-UA-1-0,r1i1p1f2,"Department of Geosciences, University of Arizona, Tucson, AZ 85721, USA",
34,MIROC-ES2L,r1i1p1f2,"JAMSTEC (Japan Agency for Marine-Earth Science and Technology, Kanagawa 236-0001, Japan), AORI (Atmosphere and Ocean Research Institute, The University of Tokyo, Chiba 277-8564, Japan), NIES (National Institute for Environmental Studies, Ibaraki 305-8506, Japan), and R-CCS (RIKEN Center for Computational Science, Hyogo 650-0047, Japan)",
35,MIROC6,r1i1p1f1,"JAMSTEC (Japan Agency for Marine-Earth Science and Technology, Kanagawa 236-0001, Japan), AORI (Atmosphere and Ocean Research Institute, The University of Tokyo, Chiba 277-8564, Japan), NIES (National Institute for Environmental Studies, Ibaraki 305-8506, Japan), and R-CCS (RIKEN Center for Computational Science, Hyogo 650-0047, Japan)",
36,MIROC6,r2i1p1f1,"JAMSTEC (Japan Agency for Marine-Earth Science and Technology, Kanagawa 236-0001, Japan), AORI (Atmosphere and Ocean Research Institute, The University of Tokyo, Chiba 277-8564, Japan), NIES (National Institute for Environmental Studies, Ibaraki 305-8506, Japan), and R-CCS (RIKEN Center for Computational Science, Hyogo 650-0047, Japan)",
37,MIROC6,r3i1p1f1,"JAMSTEC (Japan Agency for Marine-Earth Science and Technology, Kanagawa 236-0001, Japan), AORI (Atmosphere and Ocean Research Institute, The University of Tokyo, Chiba 277-8564, Japan), NIES (National Institute for Environmental Studies, Ibaraki 305-8506, Japan), and R-CCS (RIKEN Center for Computational Science, Hyogo 650-0047, Japan)",
38,MPI-ESM1-2-HR,r2i1p1f1,"Max Planck Institute for Meteorology, Hamburg 20146, Germany",
39,MPI-ESM1-2-LR,r1i1p1f1,"Max Planck Institute for Meteorology, Hamburg 20146, Germany",
40,MPI-ESM1-2-LR,r2i1p1f1,"Max Planck Institute for Meteorology, Hamburg 20146, Germany",
41,MPI-ESM1-2-LR,r3i1p1f1,"Max Planck Institute for Meteorology, Hamburg 20146, Germany",
42,MPI-ESM1-2-LR,r4i1p1f1,"Max Planck Institute for Meteorology, Hamburg 20146, Germany",
43,MPI-ESM1-2-LR,r5i1p1f1,"Max Planck Institute for Meteorology, Hamburg 20146, Germany",
44,MRI-ESM2-0,r1i1p1f1,"Meteorological Research Institute, Tsukuba, Ibaraki 305-0052, Japan",
45,NESM3,r1i1p1f1,"Nanjing University of Information Science and Technology, Nanjing, 210044, China",
46,NESM3,r2i1p1f1,"Nanjing University of Information Science and Technology, Nanjing, 210044, China",
47,NorESM2-LM,r1i1p1f1,"NorESM Climate modeling Consortium consisting of CICERO (Center for International Climate and Environmental Research, Oslo 0349), MET-Norway (Norwegian Meteorological Institute, Oslo 0313), NERSC (Nansen Environmental and Remote Sensing Center, Bergen 5006), NILU (Norwegian Institute for Air Research, Kjeller 2027), UiB (University of Bergen, Bergen 5007), UiO (University of Oslo, Oslo 0313) and UNI (Uni Research, Bergen 5008), Norway. Mailing address: NCC, c/o MET-Norway, Henrik Mohns plass 1, Oslo 0313, Norway",
48,NorESM2-MM,r1i1p1f1,"NorESM Climate modeling Consortium consisting of CICERO (Center for International Climate and Environmental Research, Oslo 0349), MET-Norway (Norwegian Meteorological Institute, Oslo 0313), NERSC (Nansen Environmental and Remote Sensing Center, Bergen 5006), NILU (Norwegian Institute for Air Research, Kjeller 2027), UiB (University of Bergen, Bergen 5007), UiO (University of Oslo, Oslo 0313) and UNI (Uni Research, Bergen 5008), Norway. Mailing address: NCC, c/o MET-Norway, Henrik Mohns plass 1, Oslo 0313, Norway",
49,TaiESM1,r1i1p1f1,"Research Center for Environmental Changes, Academia Sinica, Nankang, Taipei 11529, Taiwan",
50,UKESM1-0-LL,r1i1p1f2,"Met Office Hadley Centre, Fitzroy Road, Exeter, Devon, EX1 3PB, UK",
